{
  "baseline_psnr": 10.083512047993684,
  "baseline_ssim": 0.4344339723245685,
  "finetuned_psnr": 10.608361584549783,
  "finetuned_ssim": 0.49756302691266147,
  "psnr_gain": 0.5248495365560987,
  "ssim_gain": 0.063129054588093
}