{
  "baseline_psnr": 10.083512047993684,
  "baseline_ssim": 0.4344339723245685,
  "finetuned_psnr": 10.446350834577988,
  "finetuned_ssim": 0.4733332083639637,
  "psnr_gain": 0.36283878658430496,
  "ssim_gain": 0.038899236039395345
}