{
  "baseline_psnr": 10.28418561223778,
  "baseline_ssim": 0.4373764383050738,
  "finetuned_psnr": 10.912350110745127,
  "finetuned_ssim": 0.5114655148941957,
  "psnr_gain": 0.628164498507348,
  "ssim_gain": 0.07408907658912187
}