{
  "baseline_psnr": 9.963103672262752,
  "baseline_ssim": 0.40791131371044936,
  "finetuned_psnr": 10.606949538010745,
  "finetuned_ssim": 0.4709103092844544,
  "psnr_gain": 0.6438458657479909,
  "ssim_gain": 0.062998995574005
}