{
  "baseline_psnr": 10.00341369244726,
  "baseline_ssim": 0.4597629638653812,
  "finetuned_psnr": 10.293271078043727,
  "finetuned_ssim": 0.5116164570566959,
  "psnr_gain": 0.2898573855964646,
  "ssim_gain": 0.05185349319131479
}